{"cameraMode":{"drawMode":0,"name":"Shaded","section":"Shading Mode"},"sceneLighting":true,"audioPlay":false,"sceneViewState":{"m_AlwaysRefresh":false,"showFog":true,"showSkybox":true,"showFlares":true,"showImageEffects":true,"showParticleSystems":true,"showVisualEffectGraphs":true,"m_FxEnabled":true},"in2DMode":false,"pivot":{"x":-9.275778770446778,"y":11.912374496459961,"z":-31.625385284423829},"rotation":{"x":-0.058427903801202777,"y":-0.03652656823396683,"z":0.0022497004829347135,"w":-0.9977269172668457},"size":0.8513615131378174,"orthographic":false}